epoch,val_loss,val_acc,test_loss,test_acc
1,0.42920626150685476,0.8011634056054997,0.4294676209830432,0.8109820485744457
2,0.2805820724467384,0.8688524590163934,0.2741229936338906,0.8769799366420274
3,0.2440279575960148,0.8873611845584347,0.2513711349025699,0.8933474128827877
4,0.24756684284243538,0.884188260179799,0.24828629882577433,0.8785638859556494
5,0.2548458614951272,0.8799576943416182,0.25182950733351955,0.8907074973600845
