epoch,val_loss,val_acc,test_loss,test_acc
1,0.5831449695066973,0.8,0.591695111925884,0.7849462365591398
2,0.4131818962097168,0.84,0.44178221302647747,0.8279569892473119
3,0.26722624816677787,0.9054545454545454,0.27085503423085777,0.8924731182795699
4,0.24157767496325752,0.9054545454545454,0.2718197347656373,0.8888888888888888
5,0.22828077829696916,0.9236363636363636,0.2447415839707125,0.8924731182795699
