epoch,val_loss,val_acc,test_loss,test_acc
1,0.6091838992436727,0.686,0.600082105477651,0.704
2,0.27143412924309573,0.8566666666666667,0.26688788334528607,0.8813333333333333
3,0.1693830554621915,0.9153333333333333,0.16660272378722826,0.9306666666666666
4,0.13723554390110076,0.934,0.13970115788949625,0.9466666666666667
5,0.0965648512809421,0.9573333333333334,0.0893008186272303,0.9686666666666667
