epoch,val_loss,val_acc,test_loss,test_acc
1,0.6622215360403061,0.5625,0.6186408794978085,0.6470588235294118
2,0.6177567690610886,0.65625,0.5432262771269855,0.7647058823529411
3,0.8126000501215458,0.71875,0.5189162168432685,0.8529411764705882
4,0.6896398114040494,0.8125,0.4825832773657406,0.9117647058823529
5,0.6114320261403918,0.84375,0.5045861864791197,0.8823529411764706
