epoch,val_loss,val_acc,test_loss,test_acc
1,0.5759202647209167,0.7933333333333333,0.5672169955360968,0.804635761589404
2,0.30327950457731884,0.9233333333333333,0.2877221851554138,0.9370860927152318
3,0.23910531123479206,0.9466666666666667,0.23696571529306323,0.9503311258278145
4,0.21909873406092326,0.95,0.21458515616146145,0.9602649006622517
5,0.20533675787349542,0.96,0.22353526022260553,0.9701986754966887
