epoch,train_loss,train_acc
1,0.6302495872468716,0.631824430479183
2,0.4304141051136689,0.8026315789473685
3,0.2710860188719754,0.8841319717203456
4,0.23438918955831878,0.9020522388059702
5,0.18195372884941463,0.9277527849185947
